SET FEEDBACK OFF;

ALTER SESSION SET NLS_DATE_LANGUAGE = ENGLISH;
ALTER SESSION SET NLS_DATE_FORMAT = 'YYYY.MM.DD';

INSERT INTO felhasznalok VALUES ('basszuskulcs', 'notreble', 'Zenész Béla', '1100', 'Magyarország, Mucsa', '102233445', 'bassonly@sqlmail.com', 'férfi', '1987.08.14', '2010.03.10');
INSERT INTO felhasznalok VALUES ('gitárszóló', 'sixstrings', 'Muzsika Zoltán', '1200', 'Magyarország, Határszéle', '109988776', 'guitarplayer@sqlmail.com', 'férfi', '1990.03.05', '2009.07.04');
INSERT INTO felhasznalok VALUES ('macforme', 'almacsutka', 'Díva Barbara', '1100', 'Magyarország, Mucsa', '105566778', 'macforme@sqlmail.com', 'nõ', '1992.10.03', '2012.07.08');
INSERT INTO felhasznalok VALUES ('gamerfreak', 'konzoljáték', 'Gyík István', '1300', 'Magyarország, Messze', '101234567', 'givemegames@sqlmail.com', 'férfi', '1989.10.18', '2004.08.10');
INSERT INTO felhasznalok VALUES ('movielover', 'filmésfilm', 'Fotel Klára', '1900', 'Magyarország, Távol', '107766553', 'cinemame@sqlmail.com', 'nõ', '1985.06.15', '2007.03.20');
INSERT INTO felhasznalok VALUES ('ezermester', 'szegéscsavar', 'Barkács Zsolt', '1800', 'Magyarország, Röcsöge', '108877665', 'gyorsjavitas@sqlmail.com', 'férfi', '1968.11.29', '2001.05.29');
INSERT INTO felhasznalok VALUES ('nézzükmiez', 'próbareg', 'Kis Pista', '1400', 'Magyarország, Odalent', '106543210', 'kis.pista@sqlmail.com', 'férfi', '1974.07.22', '2013.01.02');
INSERT INTO felhasznalok VALUES ('kiscsirke', 'tyukocska', 'Tiszta Noémi', '1700', 'Magyarország, Lent', '107654321', 'csibe70@sqlmail.com', 'nõ', '1970.06.07', '2007.05.26');
INSERT INTO felhasznalok VALUES ('nagyjátékos', 'admin', 'Kocka Tamás', '1600', 'Magyarország, Nabu', '108765432', 'player@sqlmail.com', 'férfi', '1991.12.01', '2005.09.30');
INSERT INTO felhasznalok VALUES ('wanttoplay', 'jelszó', 'Nagy Eszter', '1500', 'Magyarország, Endor', '109876543', 'furalány@sqlmail.com', 'nõ', '1993.08.16', '2010.02.09');
INSERT INTO felhasznalok VALUES ('cicababa', 'cukiság', 'Hercegnõ Ivett', '1650', 'Magyarország, Púp', '103456789', 'tündibündi@sqlmail.com', 'nõ', '1994.07.21', '2013.03.06');
INSERT INTO felhasznalok VALUES ('onlinegames', 'bitbybit', 'Játszó Ernõ', '1750', 'Magyarország, Tatuin', '102345678', 'rbgworlds@sqlmail.com', 'férfi', '1995.01.01', '2011.01.20');

INSERT INTO gyartok VALUES ('Eminence', 'Rt', '1972.02.03', '1130', 'California, USA', 'Bob Gault', 'www.eminence.com', 'info@eminence.com', '151234567');
INSERT INTO gyartok VALUES ('Celestion', 'Zrt', '1924.01.01', '1230', 'Suffolk, Anglia', 'Mark Dodd', 'www.celestion.com', 'info@celestion.com', '152345678');
INSERT INTO gyartok VALUES ('Apple', 'Inc', '1990.04.05', '1330', 'California, USA', 'Tom Cook', 'www.apple.com', 'info@apple.com', '153456789');
INSERT INTO gyartok VALUES ('Bosch', 'Bt', '1886.05.06', '1430', 'Stuttgart, Németország', 'Robert Bosch', 'www.bosch.com', 'info@bosch.com', '151122334');
INSERT INTO gyartok VALUES ('Lucasarts', 'Kkt', '1982.01.02', '1530', 'San Francisco, USA', 'George Lucas', 'www.lucasarts.com', 'info@lucasarts.com', '152233445');
INSERT INTO gyartok VALUES ('Bethesda', 'Kft', '1990.06.07', '1630', 'Frankfurt, Németország', 'Nevenincs Nándor', 'www.bethsoft.com', 'info@bethsoft.com', '153344556');
INSERT INTO gyartok VALUES ('2K Games', 'Ec', '2005.01.25', '1730', 'California, USA', 'Valaki Vilmos', 'www.2kgames.com', 'info@2kgames.com', '154455667');
INSERT INTO gyartok VALUES ('Blizzard', 'Kfc', '1991.02.02', '1830', 'Versailles, Franciaország', 'Michael Morhaime', 'www.blizzard.com', 'info@blizzard.com', '155566778');
INSERT INTO gyartok VALUES ('Relic', 'Kt', '2003.01.03', '1930', 'Vancouver, Kanada', 'Greg Wilson', 'www.relic.com', 'info@relic.com', '156677889');
INSERT INTO gyartok VALUES ('CD Project Red', 'Llp', '2000.03.03', '1030', 'Varsó, Lengyelország', 'Agnieszka Szóstak', 'www.cdpred.com', 'info@cdpred.com', '159988776');
INSERT INTO gyartok VALUES ('Samsung', 'Ltd', '1943.10.11', '2030', 'Dallas, USA', 'Hallgató Hedvig', 'www.samsung.com', 'info@samsung.com', '158877665');
INSERT INTO gyartok VALUES ('Kingston', 'Pt', '1988.09.10', '2130', 'California, USA', 'Találdki Tamás', 'www.kingston.com', 'info@kingston.com', '157766554');

INSERT INTO termekek VALUES ('1', 'APT-50', 'Eminence', '25', 'hangszóró', '1995.03.07', '10', 'hangszóró');
INSERT INTO termekek VALUES ('2', 'Legend 1518', 'Eminence', '85', 'hangszóró', '1980.10.01', '3', 'hangszóró');
INSERT INTO termekek VALUES ('3', 'G12T75', 'Celestion', '75', 'hangszóró', '1985.09.20', '7', 'hangszóró');
INSERT INTO termekek VALUES ('4', 'Legend B810', 'Eminence', '50', 'hangszóró', '1981.02.26', '15', 'hangszóró');
INSERT INTO termekek VALUES ('5', 'ipod classic 160GB', 'Apple', '200', 'elektronika', '2009.03.01', '5', 'szórakoztató elektronika');
INSERT INTO termekek VALUES ('6', 'macbook pro 13 inch 2.5GHz', 'Apple', '1000', 'elektronika', '2011.04.05', '2', 'szórakoztató elektronika');
INSERT INTO termekek VALUES ('7', 'Iphone 5s 16GB', 'Apple', '550', 'elektronika', '2013.02.03', '4', 'szórakoztató elektronika');
INSERT INTO termekek VALUES ('8', 'Elder Scrolls V: Skyrim', 'Bethesda', '13', 'játék', '2011.01.02', '12', 'játék');
INSERT INTO termekek VALUES ('9', 'Bioshock Infinate', '2K Games', '14', 'játék', '2013.02.01', '6', 'játék');
INSERT INTO termekek VALUES ('10', 'Starcraft: Blood War', 'Blizzard', '7', 'játék', '1998.04.05', '1', 'játék');
INSERT INTO termekek VALUES ('11', 'Company of Heroes', 'Relic', '9', 'játék', '2006.09.12', '1', 'játék');
INSERT INTO termekek VALUES ('12', 'Witcher 2', 'CD Project Red', '14', 'játék', '2011.05.17', '3', 'játék');
INSERT INTO termekek VALUES ('13', 'Star Wars trilógia dvd: IV, V és VI', 'Lucasarts', '15', 'film', '2006.03.04', '8', 'film');
INSERT INTO termekek VALUES ('14', 'Wae24061gb mosógép', 'Bosch', '303', 'elektronika', '2006.04.05', '1', 'háztartási elektronika');
INSERT INTO termekek VALUES ('15', 'sms40c02gb classixx mosogatógép', 'Bosch', '234', 'elektronika', '2003.01.05', '2', 'háztartási elektronika');
INSERT INTO termekek VALUES ('16', 'Gsb 13 re vezetékes fúró', 'Bosch', '20', 'elektronika', '2002.04.06', '3', 'háztartási elektronika');
INSERT INTO termekek VALUES ('17', 'Rotak 40 fûnyító', 'Bosch', '110', 'elektronika', '2004.07.08', '1', 'háztartási elektronika');
INSERT INTO termekek VALUES ('18', 'Star Wars trilógia dvd: I, II és III', 'Lucasarts', '16', 'film', '2006.09.10', '4', 'film');
INSERT INTO termekek VALUES ('19', 'DataTraveler 101 G2 16GB', 'Kingston', '7', 'pendrive', '2012.06.05', '5', 'pendrive');
INSERT INTO termekek VALUES ('20', 'DataTraveler G3 8GB', 'Kingston', '6', 'pendrive', '2012.02.01', '3', 'pendrive');
INSERT INTO termekek VALUES ('21', 'DataTraveler G2 4GB', 'Kingston', '4', 'pendrive', '2012.10.03', '8', 'pendrive');
INSERT INTO termekek VALUES ('22', 'DataTraveler HyperX Predator 1TB', 'Kingston', '515', 'pendrive', '2012.11.10', '1', 'pendrive');
INSERT INTO termekek VALUES ('23', 'Class 10 UHS-I 32GB', 'Kingston', '19', 'memória', '2012.07.04', '3', 'memória');
INSERT INTO termekek VALUES ('24', 'HyperX Predator 16GB', 'Kingston', '127', 'memória', '2012.05.07', '4', 'memória');
INSERT INTO termekek VALUES ('25', 'Ps51f5500 51 inch 1080p 3d Smart TV', 'Samsung', '679', 'elektronika', '2012.12.10', '0', 'szórakoztató elektronika');
INSERT INTO termekek VALUES ('26', 'Galaxy S 3 160B', 'Samsung', '300', 'elektronika', '2013.04.02', '7', 'szórakoztató elektronika');

INSERT INTO megrendelesek VALUES ('1', '1', 'kézpénz', '2011.02.28', 'igen', '200', '4', 'basszuskulcs', 'notreble', '4');
INSERT INTO megrendelesek VALUES ('2', '1', 'kézpénz', '2011.02.28', 'igen', '85', '1', 'basszuskulcs', 'notreble', '2');
INSERT INTO megrendelesek VALUES ('3', '2', 'kártya', '2009.12.20', 'nem', '150', '2', 'gitárszóló', 'sixstrings', '3');
INSERT INTO megrendelesek VALUES ('4', '3', 'kártya', '2012.07.08', 'nem', '200', '1', 'macforme', 'almacsutka', '5');
INSERT INTO megrendelesek VALUES ('5', '4', 'kézpénz', '2012.08.01', 'igen', '1000', '1', 'macforme', 'almacsutka', '6');
INSERT INTO megrendelesek VALUES ('6', '1', 'kézpénz', '2011.02.28', 'igen', '50', '2', 'basszuskulcs', 'notreble', '1');
INSERT INTO megrendelesek VALUES ('7', '5', 'kártya', '2006.12.15', 'igen', '9', '1', 'gamerfreak', 'konzoljáték', '11');
INSERT INTO megrendelesek VALUES ('8', '6', 'kézpénz', '2007.05.16', 'nem', '15', '1', 'movielover', 'filmésfilm', '13');
INSERT INTO megrendelesek VALUES ('9', '6', 'kézpénz', '2007.05.16', 'nem', '16', '1', 'movielover', 'filmésfilm', '18');
INSERT INTO megrendelesek VALUES ('10', '7', 'kártya', '2007.01.12', 'igen', '40', '2', 'ezermester', 'szegéscsavar', '16');
INSERT INTO megrendelesek VALUES ('11', '8', 'kártya', '2007.01.12', 'igen', '110', '1', 'ezermester', 'szegéscsavar', '17');
INSERT INTO megrendelesek VALUES ('12', '9', 'kézpénz', '2013.01.02', 'nem', '4', '1', 'nézzükmiez', 'próbareg', '21');
INSERT INTO megrendelesek VALUES ('13', '10', 'kártya', '2007.05.30', 'igen', '303', '1', 'kiscsirke', 'tyukocska', '14');
INSERT INTO megrendelesek VALUES ('14', '10', 'kártya', '2007.05.30', 'igen', '234', '1', 'kiscsirke', 'tyukocska', '15');
INSERT INTO megrendelesek VALUES ('15', '11', 'kézpénz', '2013.02.02', 'nem', '14', '1', 'nagyjátékos', 'admin', '9');
INSERT INTO megrendelesek VALUES ('16', '12', 'kézpénz', '2011.05.10', 'nem', '14', '1', 'nagyjátékos', 'admin', '12');
INSERT INTO megrendelesek VALUES ('17', '13', 'kézpénz', '2010.02.09', 'igen', '7', '1', 'wanttoplay', 'jelszó', '10');
INSERT INTO megrendelesek VALUES ('18', '14', 'kártya', '2013.09.10', 'igen', '550', '1', 'cicababa', 'cukiság', '7');
INSERT INTO megrendelesek VALUES ('19', '15', 'kézpénz', '2012.08.12', 'nem', '13', '1', 'onlinegames', 'bitbybit', '8');